{"cameraMode":{"drawMode":0,"name":"Shaded","section":"Shading Mode"},"sceneLighting":false,"audioPlay":false,"sceneViewState":{"showFog":true,"showMaterialUpdate":false,"showSkybox":false,"showFlares":true,"showImageEffects":true,"showParticleSystems":true},"in2DMode":false,"pivot":{"x":-3.230621337890625,"y":1.5537109375,"z":-3.58984375},"rotation":{"x":0.011887873522937298,"y":-0.387367308139801,"z":0.00500358734279871,"w":0.9218536615371704},"size":2.8578836917877199,"orthographic":true}