{"cameraMode":{"drawMode":0,"name":"Shaded","section":"Shading Mode"},"sceneLighting":false,"audioPlay":false,"sceneViewState":{"showFog":true,"showMaterialUpdate":false,"showSkybox":false,"showFlares":true,"showImageEffects":true,"showParticleSystems":true},"in2DMode":false,"pivot":{"x":0.0,"y":0.2478344440460205,"z":-0.35384804010391238},"rotation":{"x":-0.08668150007724762,"y":-0.16041366755962373,"z":0.013909552246332169,"w":-0.9832043051719666},"size":5.740190505981445,"orthographic":true}