{"cameraMode":{"drawMode":0,"name":"Shaded","section":"Shading Mode"},"sceneLighting":true,"audioPlay":false,"sceneViewState":{"showFog":true,"showMaterialUpdate":false,"showSkybox":true,"showFlares":true,"showImageEffects":true,"showParticleSystems":true},"in2DMode":false,"pivot":{"x":-4.013603210449219,"y":2.031646728515625,"z":-11.240234375},"rotation":{"x":0.023394739255309106,"y":0.010180050507187844,"z":-0.00023528904421254992,"w":0.9996859431266785},"size":6.13034200668335,"orthographic":true}