{"cameraMode":{"drawMode":0,"name":"Shaded","section":"Shading Mode"},"sceneLighting":true,"audioPlay":false,"sceneViewState":{"showFog":true,"showMaterialUpdate":false,"showSkybox":true,"showFlares":true,"showImageEffects":true,"showParticleSystems":true},"in2DMode":false,"pivot":{"x":18.2353515625,"y":3.98095703125,"z":90.3203125},"rotation":{"x":-0.023222288116812707,"y":-0.12175743281841278,"z":0.0028462219052016737,"w":-0.9922932982444763},"size":42.58280944824219,"orthographic":true}