{"cameraMode":{"drawMode":0,"name":"Shaded","section":"Shading Mode"},"sceneLighting":false,"audioPlay":false,"sceneViewState":{"showFog":true,"showMaterialUpdate":false,"showSkybox":false,"showFlares":true,"showImageEffects":true,"showParticleSystems":true},"in2DMode":false,"pivot":{"x":-7.960156440734863,"y":5.466470241546631,"z":-18.8254337310791},"rotation":{"x":-0.9584985971450806,"y":-0.02242923341691494,"z":-0.0777357816696167,"w":0.27362388372421267},"size":5.211026191711426,"orthographic":true}