{"cameraMode":{"drawMode":0,"name":"Shaded","section":"Shading Mode"},"sceneLighting":false,"audioPlay":false,"sceneViewState":{"showFog":true,"showMaterialUpdate":false,"showSkybox":false,"showFlares":true,"showImageEffects":true,"showParticleSystems":true},"in2DMode":false,"pivot":{"x":1.2799999713897706,"y":3.6599998474121095,"z":90.3203125},"rotation":{"x":0.044475752860307696,"y":-0.21907392144203187,"z":-0.010006627067923546,"w":-0.9746696949005127},"size":2.974405288696289,"orthographic":true}