{"cameraMode":{"drawMode":0,"name":"Shaded","section":"Shading Mode"},"sceneLighting":true,"audioPlay":false,"sceneViewState":{"showFog":true,"showMaterialUpdate":false,"showSkybox":true,"showFlares":true,"showImageEffects":true,"showParticleSystems":true},"in2DMode":false,"pivot":{"x":-15.028387069702149,"y":-3.4814553260803224,"z":143.12796020507813},"rotation":{"x":-0.08668150007724762,"y":-0.16041366755962373,"z":0.013909552246332169,"w":-0.9832043051719666},"size":48.57405471801758,"orthographic":true}